date,name,start_datetime,distance_km,duration_min,elevation_gain,average_speed_kmh,max_speed_kmh,average_heartrate,max_heartrate,kudos_count,activity_id,pace_min_per_km,start_lat,start_lon,400m_time_sec,400m_pace_min_per_km,0.5_mile_time_sec,0.5_mile_pace_min_per_km,1k_time_sec,1k_pace_min_per_km,1_mile_time_sec,1_mile_pace_min_per_km,2_mile_time_sec,2_mile_pace_min_per_km,5k_time_sec,5k_pace_min_per_km,10k_time_sec,10k_pace_min_per_km,workout_type,average_temp,temperature_c,feels_like_c,humidity_pct
2025-07-13,Evening Run,2025-07-13T17:10:16Z,18.17,96.9,19.3,11.25,29.02,157.3,181.0,0,15104182758,5.33,51.482642,-0.215551,105.0,4.38,228.0,4.72,287.0,4.78,465.0,4.82,953.0,4.93,1481.0,4.94,3084.0,5.14,,,28.71,28.67,44.0
2025-07-09,Afternoon Run,2025-07-09T14:08:17Z,9.51,48.8,10.9,11.7,28.87,154.8,180.0,0,15058484726,5.13,51.482572,-0.215452,99.0,4.12,210.0,4.35,261.0,4.35,428.0,4.43,870.0,4.5,1434.0,4.78,,,,,25.63,25.58,51.0
2025-07-08,Afternoon Run,2025-07-08T15:07:46Z,12.37,64.3,12.0,11.55,27.14,149.1,162.0,0,15047401725,5.2,51.483869,-0.21796,105.0,4.38,221.0,4.58,278.0,4.63,459.0,4.75,944.0,4.89,1495.0,4.98,3090.0,5.15,0.0,,24.09,23.52,37.0
2025-07-06,Afternoon Run,2025-07-06T16:41:05Z,11.37,58.3,13.5,11.7,23.47,148.2,167.0,0,15028826821,5.13,51.484306,-0.219309,107.0,4.46,224.0,4.64,283.0,4.72,462.0,4.79,935.0,4.84,1471.0,4.9,3065.0,5.11,,,21.57,21.74,75.0
2025-07-03,Afternoon Run,2025-07-03T13:16:59Z,16.01,85.5,16.9,11.24,25.34,146.5,164.0,0,14995602430,5.34,51.482555,-0.215466,108.0,4.5,230.0,4.76,292.0,4.87,487.0,5.04,982.0,5.08,1538.0,5.13,3157.0,5.26,,,23.21,22.53,36.0
2025-07-01,Afternoon Run,2025-07-01T16:21:17Z,8.68,49.6,9.0,10.5,16.63,148.4,165.0,0,14975027303,5.71,51.483195,-0.220487,123.0,5.12,251.0,5.2,316.0,5.27,511.0,5.29,1051.0,5.44,1700.0,5.67,,,,,32.5,32.82,39.0
2025-06-29,Afternoon Run,2025-06-29T15:10:42Z,9.52,50.3,9.0,11.36,23.9,153.2,173.0,0,14955380613,5.28,51.483229,-0.211184,63.0,2.62,198.0,4.1,247.0,4.12,435.0,4.51,937.0,4.85,1504.0,5.01,,,,,29.51,29.82,46.0
2025-06-26,Afternoon Run,2025-06-26T15:12:42Z,8.57,44.6,12.8,11.51,21.96,151.8,174.0,0,14923288118,5.2,51.482964,-0.216132,109.0,4.54,223.0,4.62,277.0,4.62,448.0,4.64,909.0,4.71,1505.0,5.02,,,,,24.79,24.5,45.0
2025-06-25,Evening Run,2025-06-25T19:17:49Z,5.5,28.0,0.0,11.79,,,,0,14915322672,5.09,,,,,,,,,,,,,,,,,,,,,
2025-06-24,Afternoon Run,2025-06-24T14:37:55Z,9.17,50.5,8.5,10.89,30.89,149.4,164.0,0,14902416033,5.51,51.482015,-0.215881,120.0,5.0,243.0,5.03,308.0,5.13,499.0,5.17,1016.0,5.26,1642.0,5.47,,,,,25.19,25.38,62.0
2025-06-22,Evening Run,2025-06-22T17:18:25Z,9.65,52.8,10.8,10.95,20.66,144.8,163.0,0,14883915585,5.47,51.482386,-0.215541,121.0,5.04,248.0,5.13,309.0,5.15,508.0,5.26,1029.0,5.33,1644.0,5.48,,,,,23.08,23.06,62.0
2025-06-21,Morning Run,2025-06-21T09:59:10Z,6.56,35.6,12.4,11.06,17.06,151.9,171.0,0,14883906876,5.43,51.483076,-0.215527,123.0,5.12,250.0,5.18,315.0,5.25,512.0,5.3,1038.0,5.37,1620.0,5.4,,,,,27.43,27.56,46.0
2025-06-19,Evening Run,2025-06-19T17:10:42Z,2.13,12.7,4.2,10.08,15.34,144.6,160.0,0,14851979948,5.96,51.483601,-0.227454,131.0,5.46,278.0,5.76,346.0,5.77,573.0,5.94,,,,,,,,,31.24,30.54,35.0
2025-06-19,Afternoon Run,2025-06-19T16:23:56Z,6.02,36.7,3.4,9.84,15.26,147.4,157.0,0,14851738939,6.1,51.488372,-0.232681,137.0,5.71,279.0,5.78,347.0,5.78,562.0,5.82,1151.0,5.96,1820.0,6.07,,,,,31.81,30.96,33.0
2025-06-17,Afternoon Run,2025-06-17T16:55:12Z,8.09,47.1,8.5,10.29,26.64,143.5,157.0,0,14830335981,5.82,51.48506,-0.223947,114.0,4.75,256.0,5.3,328.0,5.47,540.0,5.59,1103.0,5.71,1758.0,5.86,,,,,27.22,27.08,41.0
2025-06-14,Lunch Run,2025-06-14T11:07:59Z,8.35,47.6,9.0,10.53,19.87,152.9,176.0,0,14795713298,5.7,51.483321,-0.216613,114.0,4.75,256.0,5.3,327.0,5.45,529.0,5.48,1100.0,5.7,1740.0,5.8,,,,,22.96,22.9,61.0
2025-06-12,Afternoon Run,2025-06-12T15:27:13Z,4.02,22.8,9.4,10.58,20.3,156.4,178.0,0,14777809599,5.67,51.479734,-0.164628,113.0,4.71,233.0,4.82,295.0,4.92,493.0,5.11,1180.0,6.11,,,,,,,25.37,25.5,59.0
2025-06-12,Afternoon Run,2025-06-12T14:15:52Z,11.23,63.4,11.3,10.63,15.62,159.1,175.0,0,14777558588,5.65,51.470171,-0.176614,118.0,4.92,250.0,5.18,312.0,5.2,503.0,5.21,1025.0,5.31,1624.0,5.41,3443.0,5.74,,,24.64,24.65,57.0
2025-06-10,Afternoon Run,2025-06-10T14:27:22Z,9.0,53.9,11.5,10.02,22.28,147.1,163.0,0,14777539595,5.99,51.482417,-0.215228,115.0,4.79,241.0,4.99,307.0,5.12,511.0,5.29,1038.0,5.37,1694.0,5.65,,,0.0,,21.59,21.45,63.0
2025-06-05,Evening Run,2025-06-05T18:55:10Z,21.23,96.4,28.5,13.21,44.88,168.2,187.0,0,14708249047,4.54,51.473663,-0.177272,59.0,2.46,176.0,3.64,222.0,3.7,384.0,3.98,798.0,4.13,1276.0,4.25,2661.0,4.44,,,15.69,15.53,85.0
2025-05-22,Morning Run,2025-05-22T08:44:11Z,6.43,40.0,11.8,9.66,24.41,143.4,168.0,0,14708233073,6.22,51.485211,-0.246398,101.0,4.21,209.0,4.33,300.0,5.0,504.0,5.22,1295.0,6.7,1978.0,6.59,,,,,12.01,11.22,75.0
2025-05-14,Morning Run,2025-05-14T08:50:09Z,5.46,27.2,0.0,12.03,19.8,166.0,191.0,0,14708233071,4.98,51.48292,-0.215656,93.0,3.88,196.0,4.06,243.0,4.05,447.0,4.63,926.0,4.79,1479.0,4.93,,,,,14.23,13.48,68.0
2025-05-09,Night Run,2025-05-09T22:11:34Z,6.76,43.4,8.0,9.34,17.21,140.7,160.0,0,14708229808,6.42,51.485072,-0.225489,126.0,5.25,272.0,5.63,351.0,5.85,560.0,5.8,1204.0,6.23,2089.0,6.96,,,,,12.88,11.69,56.0
2025-04-22,Morning Run,2025-04-22T07:57:44Z,6.69,40.5,7.9,9.92,15.3,137.3,156.0,0,14708229826,6.05,51.481662,-0.218136,123.0,5.12,264.0,5.47,333.0,5.55,537.0,5.56,1330.0,6.89,2151.0,7.17,,,,,8.47,6.96,92.0
2025-04-16,Evening Run,2025-04-16T19:05:10Z,5.92,29.9,0.0,11.89,19.73,158.8,194.0,0,14197381038,5.05,51.485408,-0.249635,91.0,3.79,190.0,3.93,238.0,3.97,442.0,4.58,943.0,4.88,1514.0,5.05,,,,,12.68,11.39,53.0
2025-04-09,Morning Run,2025-04-09T06:03:32Z,8.44,48.6,8.3,10.41,13.68,151.7,169.0,0,14197186503,5.76,51.476187,-0.252122,123.0,5.12,253.0,5.24,314.0,5.23,511.0,5.29,1057.0,5.47,116261.0,387.54,,,,,3.96,1.19,86.0
2025-03-27,Lunch Run,2025-03-27T12:25:04Z,5.0,19.6,0.0,15.27,25.56,180.9,193.0,0,14001997874,3.92,,,86.0,3.58,181.0,3.75,229.0,3.82,370.0,3.83,755.0,3.91,1177.0,3.92,,,,,,,
2025-03-22,Evening Run,2025-03-22T19:54:05Z,5.94,34.9,2.0,10.22,20.0,96.8,156.0,0,14001996142,5.88,51.488871,-0.228587,122.0,5.08,387.0,8.01,515.0,8.58,904.0,9.36,8487.0,43.94,20432.0,68.11,,,,,11.96,11.43,85.0
2025-02-20,Morning Run,2025-02-20T10:45:54Z,3.72,21.1,4.1,10.6,24.18,137.4,152.0,0,13934673428,5.67,51.483126,-0.215849,120.0,5.0,244.0,5.05,304.0,5.07,502.0,5.2,1048.0,5.43,,,,,,,12.34,12.01,91.0
2025-02-18,Afternoon Run,2025-02-18T15:41:38Z,4.87,34.9,7.4,8.37,15.54,129.7,149.0,0,13934672536,7.17,51.482618,-0.215249,133.0,5.54,277.0,5.73,353.0,5.88,592.0,6.13,1391.0,7.2,,,,,,,6.83,3.35,56.0
2025-02-17,Morning Run,2025-02-17T10:47:01Z,16.37,91.0,22.1,10.8,42.48,145.3,167.0,0,13934671185,5.56,51.482649,-0.21528,116.0,4.83,239.0,4.95,299.0,4.98,516.0,5.34,1056.0,5.47,1692.0,5.64,3506.0,5.84,,,4.95,0.38,65.0
2025-02-14,Morning Run,2025-02-14T09:53:58Z,7.06,31.8,0.0,13.33,29.23,166.8,180.0,0,13623610567,4.5,51.482884,-0.214807,98.0,4.08,202.0,4.18,254.0,4.23,410.0,4.25,848.0,4.39,1318.0,4.39,,,,,3.2,-1.68,70.0
2025-02-10,Lunch Run,2025-02-10T12:30:28Z,2.87,12.3,0.0,14.01,19.15,150.2,166.0,0,13608652623,4.29,,,90.0,3.75,183.0,3.79,228.0,3.8,371.0,3.84,,,,,,,,,,,
2025-02-10,Lunch Run,2025-02-10T12:00:26Z,3.44,19.7,3.6,10.46,16.56,144.5,157.0,0,13589771581,5.73,51.48359,-0.21744,109.0,4.54,230.0,4.76,288.0,4.8,529.0,5.48,1087.0,5.63,,,,,,,4.07,-0.36,85.0
2025-02-06,Morning Run,2025-02-06T08:27:37Z,8.49,48.3,4.1,10.54,21.74,144.4,155.0,0,13567815072,5.69,51.490418,-0.236086,117.0,4.88,244.0,5.05,306.0,5.1,499.0,5.17,1078.0,5.58,1707.0,5.69,,,,,1.52,1.52,93.0
2025-02-05,Morning Run,2025-02-05T10:43:16Z,5.67,27.4,0.0,12.42,31.49,158.1,182.0,0,13567812882,4.83,51.483426,-0.215003,94.0,3.92,192.0,3.98,237.0,3.95,438.0,4.54,912.0,4.72,1452.0,4.84,,,,,7.62,5.6,84.0
2025-02-04,Morning Run,2025-02-04T08:43:14Z,8.74,51.2,8.3,10.23,18.12,148.1,160.0,0,13567812061,5.86,51.482743,-0.215915,124.0,5.17,257.0,5.32,321.0,5.35,519.0,5.38,1079.0,5.59,1954.0,6.51,,,,,8.42,5.56,87.0
2025-02-01,Afternoon Run,2025-02-01T17:44:46Z,6.02,26.6,3.0,13.55,21.18,172.0,191.0,0,13567810246,4.42,51.482657,-0.215897,96.0,4.0,195.0,4.04,243.0,4.05,398.0,4.12,815.0,4.22,1296.0,4.32,,,,,4.73,2.12,85.0
2025-01-30,Lunch Run,2025-01-30T11:05:13Z,6.01,26.3,0.0,13.71,24.0,175.6,188.0,0,13491588352,4.38,51.485191,-0.225652,95.0,3.96,208.0,4.31,259.0,4.32,420.0,4.35,848.0,4.39,1318.0,4.39,,,,,5.98,3.29,72.0
2025-01-24,Morning Run,2025-01-24T10:54:43Z,3.53,21.5,3.8,9.86,13.91,148.3,156.0,0,13438711396,6.09,51.475031,-0.234986,138.0,5.75,281.0,5.82,348.0,5.8,573.0,5.94,1198.0,6.2,,,,,,,10.38,9.38,73.0
2025-01-24,Morning Run,2025-01-24T10:19:38Z,5.9,29.6,0.0,11.96,21.46,158.2,180.0,0,13438539712,5.02,,,84.0,3.5,176.0,3.64,220.0,3.67,447.0,4.63,908.0,4.7,1539.0,5.13,,,,,,,
2025-01-24,Morning Run,2025-01-24T09:50:10Z,3.88,23.1,3.8,10.06,13.48,144.8,158.0,0,13438344577,5.95,51.482331,-0.21549,126.0,5.25,266.0,5.51,329.0,5.48,540.0,5.59,1105.0,5.72,,,,,,,10.09,9.37,85.0
2025-01-22,Morning Run,2025-01-22T09:40:23Z,6.5,35.4,9.8,11.03,25.2,157.5,170.0,0,13421440892,5.45,51.483036,-0.215653,116.0,4.83,241.0,4.99,300.0,5.0,509.0,5.27,1039.0,5.38,1632.0,5.44,,,,,3.12,0.61,93.0
2025-01-20,Afternoon Run,2025-01-20T13:22:15Z,3.24,19.8,4.3,9.84,13.32,145.5,158.0,0,13409425252,6.11,51.475241,-0.234891,136.0,5.67,277.0,5.73,346.0,5.77,564.0,5.84,1186.0,6.14,,,,,,,5.83,2.81,85.0
2025-01-20,Lunch Run,2025-01-20T12:52:11Z,5.82,27.1,0.0,12.87,19.73,157.0,175.0,0,13409423532,4.66,,,85.0,3.54,178.0,3.69,274.0,4.57,411.0,4.26,894.0,4.63,1437.0,4.79,,,,,,,
2025-01-20,Lunch Run,2025-01-20T12:24:33Z,3.45,18.1,0.0,11.47,13.08,143.1,164.0,0,13409418624,5.25,,,,,,,,,,,,,,,,,,,,,
2024-11-20,Afternoon Run,2024-11-20T17:51:21Z,6.9,37.5,0.0,11.04,13.83,154.4,169.0,0,13133624737,5.43,,,120.0,5.0,241.0,4.99,302.0,5.03,489.0,5.07,987.0,5.11,1541.0,5.14,,,,,,,
2024-11-20,Afternoon Run,2024-11-20T16:22:52Z,3.01,11.2,0.0,16.09,20.16,160.1,177.0,0,13133623644,3.72,,,84.0,3.5,176.0,3.64,221.0,3.68,488.0,5.05,,,,,,,,,,,
2024-11-18,Lunch Run,2024-11-18T12:05:46Z,21.49,117.3,80.6,10.99,21.02,147.0,165.0,0,12930033629,5.46,51.482177,-0.215467,116.0,4.83,239.0,4.95,300.0,5.0,492.0,5.1,1002.0,5.19,1586.0,5.29,3533.0,5.89,,,8.24,7.6,91.0
2024-11-14,Evening Run,2024-11-14T18:41:42Z,4.15,24.2,6.1,10.31,21.48,142.8,159.0,0,12930029929,5.83,51.482785,-0.215658,112.0,4.67,227.0,4.7,283.0,4.72,478.0,4.95,967.0,5.01,,,,,,,10.27,9.36,77.0
2024-11-13,Morning Run,2024-11-13T09:45:47Z,8.05,35.4,2.0,13.66,24.9,169.8,187.0,0,12890025755,4.4,51.482228,-0.215517,94.0,3.92,194.0,4.02,242.0,4.03,397.0,4.11,816.0,4.22,1276.0,4.25,,,,,8.73,7.27,89.0
2024-11-11,Lunch Run,2024-11-11T11:51:10Z,21.83,117.3,83.8,11.17,24.91,149.3,172.0,7,12875521081,5.37,51.482623,-0.215698,108.0,4.5,229.0,4.74,286.0,4.77,468.0,4.85,960.0,4.97,1549.0,5.16,3245.0,5.41,0.0,,11.45,10.66,77.0
2024-11-09,Lunch Run,2024-11-09T11:17:35Z,3.59,26.7,5.2,8.07,19.01,119.2,144.0,0,12875516920,7.44,51.475655,-0.239035,145.0,6.04,303.0,6.27,377.0,6.28,631.0,6.54,1459.0,7.55,,,,,0.0,,8.42,7.8,81.0
2024-11-09,Morning Run,2024-11-09T10:47:58Z,4.82,22.2,0.0,13.0,19.3,152.3,176.0,0,12858312159,4.61,,,86.0,3.58,178.0,3.69,245.0,4.08,403.0,4.17,826.0,4.28,,,,,0.0,,,,
2024-11-09,Morning Run,2024-11-09T10:17:29Z,3.6,22.5,3.7,9.59,15.36,133.5,153.0,0,12858043273,6.25,51.483079,-0.21577,131.0,5.46,271.0,5.61,340.0,5.67,552.0,5.72,1166.0,6.04,,,,,0.0,,8.22,7.07,82.0
2024-11-06,Lunch Run,2024-11-06T11:36:59Z,6.81,29.5,0.0,13.86,19.51,167.3,185.0,0,12836110516,4.33,,,93.0,3.88,195.0,4.04,246.0,4.1,401.0,4.15,842.0,4.36,1497.0,4.99,,,0.0,,,,
2024-11-06,Lunch Run,2024-11-06T11:11:40Z,3.54,19.3,6.1,11.01,20.45,141.5,151.0,0,12835827643,5.45,51.483504,-0.216325,123.0,5.12,257.0,5.32,320.0,5.33,519.0,5.38,1056.0,5.47,,,,,0.0,,10.32,9.84,93.0
2024-11-04,Lunch Run,2024-11-04T11:11:37Z,20.78,115.0,124.7,10.84,19.08,146.2,168.0,0,12820734330,5.53,51.482649,-0.215864,116.0,4.83,240.0,4.97,299.0,4.98,492.0,5.1,1025.0,5.31,1621.0,5.4,3515.0,5.86,0.0,,11.6,10.9,80.0
2024-10-31,Morning Run,2024-10-31T10:58:13Z,6.22,32.6,12.5,11.44,19.65,153.1,167.0,0,12788490608,5.24,51.482435,-0.215769,115.0,4.79,237.0,4.91,297.0,4.95,479.0,4.96,974.0,5.04,1535.0,5.12,,,,,13.38,13.02,86.0
2024-08-27,Afternoon Run,2024-08-27T16:54:39Z,15.02,75.6,20.7,11.92,17.0,162.8,191.0,0,12785650746,5.03,51.448671,-0.266525,97.0,4.04,195.0,4.04,248.0,4.13,398.0,4.12,911.0,4.72,1439.0,4.8,3010.0,5.02,,,25.72,25.63,49.0
2024-08-02,Afternoon Run,2024-08-02T16:28:38Z,10.59,60.0,4.5,10.59,22.78,149.8,165.0,0,12045481704,5.67,51.48228890262544,-0.2156358584761619,121.0,5.04,251.0,5.2,313.0,5.22,514.0,5.32,1052.0,5.45,1670.0,5.57,3383.0,5.64,,,27.76,28.27,51.0
2024-06-08,Afternoon Run,2024-06-08T16:46:20Z,10.13,91.5,3.1,6.64,23.34,151.2,184.0,0,11712815267,9.03,51.4741921517998,-0.2508352417498827,93.0,3.88,214.0,4.43,270.0,4.5,445.0,4.61,920.0,4.76,1551.0,5.17,3622.0,6.04,,,19.56,18.9,51.0
2024-06-04,Morning Run,2024-06-04T08:10:06Z,2.02,7.7,0.0,15.78,39.19,171.7,190.0,0,11605303863,3.81,51.489867232739925,-0.2290157228708267,85.0,3.54,176.0,3.64,227.0,3.78,467.0,4.84,,,,,,,,,16.73,16.7,86.0
2024-06-01,Lunch Run,2024-06-01T10:14:51Z,9.31,45.7,9.7,12.22,27.36,,,8,11546458837,4.91,51.488905660808086,-0.2289280481636524,91.0,3.79,191.0,3.95,242.0,4.03,390.0,4.04,800.0,4.14,1341.0,4.47,,,0.0,,14.66,14.14,75.0
2024-03-31,Lunch Run,2024-03-31T10:34:12Z,8.54,39.7,0.0,12.89,19.63,179.0,197.0,0,11075501369,4.65,51.481845835223794,-0.2157657779753208,98.0,4.08,205.0,4.24,262.0,4.37,425.0,4.4,869.0,4.5,1363.0,4.54,,,,,10.65,9.99,85.0
2024-03-27,Evening Run,2024-03-27T18:29:08Z,9.47,46.6,16.2,12.2,23.1,171.5,188.0,0,11059256332,4.92,51.49450049735606,-0.1461894437670707,103.0,4.29,218.0,4.51,274.0,4.57,451.0,4.67,948.0,4.91,1490.0,4.97,,,,,9.04,6.14,70.0
2024-03-20,Evening Run,2024-03-20T18:04:24Z,9.75,52.3,16.8,11.19,25.42,,,0,11002740574,5.36,51.49443327449262,-0.1467255502939224,110.0,4.58,234.0,4.84,304.0,5.07,495.0,5.13,1025.0,5.31,1646.0,5.49,,,0.0,,15.65,15.02,67.0
2024-03-19,Evening Run,2024-03-19T18:15:44Z,6.54,34.8,4.2,11.28,17.48,,,0,10995078368,5.32,51.48259920068085,-0.2155710663646459,116.0,4.83,244.0,5.05,303.0,5.05,507.0,5.25,1025.0,5.31,1609.0,5.36,,,0.0,,11.98,11.58,90.0
2024-03-12,Afternoon Run,2024-03-12T17:07:08Z,5.49,89.3,4.9,3.69,20.82,141.4,174.0,0,11047791581,16.27,51.47386936470866,-0.2323987428098917,81.0,3.38,220.0,4.55,311.0,5.18,514.0,5.32,1125.0,5.82,2246.0,7.49,,,,,13.42,13.19,91.0
2024-03-12,Afternoon Run,2024-03-12T16:08:42Z,3.42,18.4,4.4,11.19,16.26,,,0,10944123410,5.38,51.48248981684446,-0.2155165839940309,119.0,4.96,248.0,5.13,315.0,5.25,512.0,5.3,1160.0,6.01,,,,,0.0,,13.22,13.03,93.0
2024-03-12,Afternoon Run,2024-03-12T16:00:00Z,6.0,36.0,0.0,10.0,,,,0,10951651017,6.0,,,,,,,,,,,,,,,,,,,,,
2024-03-11,Evening Run,2024-03-11T19:07:41Z,6.93,34.8,4.3,11.97,22.59,,,0,10938573452,5.02,51.482519656419754,-0.2155426517128944,108.0,4.5,226.0,4.68,283.0,4.72,458.0,4.74,953.0,4.93,1508.0,5.03,,,0.0,,8.07,6.89,89.0
2024-03-09,Parkrun,2024-03-09T09:09:12Z,5.12,20.4,0.0,15.04,22.03,170.9,195.0,8,10921212250,3.98,51.47115538828075,-0.2185327280312776,87.0,3.62,183.0,3.79,228.0,3.8,370.0,3.83,753.0,3.9,1195.0,3.98,,,0.0,,8.63,5.62,83.0
2024-03-08,Lunch Run,2024-03-08T12:14:30Z,10.5,58.0,2.1,10.85,13.6,148.7,167.0,0,10917890337,5.52,51.472837468609214,-0.2538866735994816,120.0,5.0,242.0,5.01,303.0,5.05,489.0,5.07,979.0,5.07,1527.0,5.09,3391.0,5.65,,,11.04,9.71,58.0
2024-03-06,Evening Run,2024-03-06T18:37:56Z,10.01,50.3,0.0,11.93,18.17,159.9,189.0,0,10917887742,5.02,,,,,,,,,,,,,,,,,,,,,
2024-03-05,Morning Run,2024-03-05T08:08:04Z,10.01,50.2,0.0,11.97,19.69,160.9,183.0,0,10917886668,5.01,,,,,,,,,,,,,,,,,,,,,
2024-02-20,Morning Run,2024-02-20T08:20:28Z,10.01,50.5,0.0,11.9,16.14,166.1,182.0,0,10798782700,5.04,,,,,,,,,,,,,,,,,,,,,
2024-01-18,Afternoon Run,2024-01-18T13:41:10Z,9.0,48.4,0.0,11.16,25.26,166.1,181.0,0,10798781732,5.38,51.47230714559555,-0.2528810128569603,114.0,4.75,253.0,5.24,315.0,5.25,509.0,5.27,1044.0,5.41,2680532.0,8935.11,,,,,3.39,0.14,66.0
2024-01-16,Afternoon Run,2024-01-16T17:56:54Z,5.01,26.6,0.0,11.31,15.14,168.7,185.0,0,10798780600,5.31,,,,,,,,,,,,,,,,,,,,,
2024-01-10,Afternoon Run,2024-01-10T14:42:15Z,4.31,19.3,0.0,13.43,16.98,183.7,193.0,0,10544093856,4.48,,,,,,,,,,,,,,,,,,,,,
2024-01-03,Afternoon Run,2024-01-03T16:23:40Z,6.64,31.8,2.0,12.52,29.33,178.9,196.0,0,10486829298,4.79,51.4825501665473,-0.215392280369997,104.0,4.33,220.0,4.55,278.0,4.63,452.0,4.68,913.0,4.73,1429.0,4.76,,,,,10.02,9.35,87.0
2023-12-22,Morning Run,2023-12-22T08:38:57Z,9.63,49.1,8.5,11.78,17.76,171.9,184.0,0,10419061036,5.1,51.48239409551024,-0.2157188393175602,107.0,4.46,220.0,4.55,275.0,4.58,449.0,4.65,922.0,4.77,1573.0,5.24,,,,,11.24,10.61,84.0
2023-11-28,Evening Run,2023-11-28T17:46:50Z,5.02,20.4,4.1,14.77,24.54,,,1,10296502386,4.06,51.482164515182376,-0.2155217807739973,90.0,3.75,185.0,3.83,229.0,3.82,372.0,3.85,768.0,3.98,1223.0,4.08,,,0.0,,3.85,0.7,88.0
2023-11-11,Afternoon Run,2023-11-11T13:30:43Z,4.13,21.4,4.4,11.6,19.83,,,0,10199761364,5.18,51.48203602060675,-0.2158091124147176,105.0,4.38,219.0,4.53,276.0,4.6,453.0,4.69,939.0,4.86,,,,,0.0,,11.4,10.45,71.0
2023-11-01,Evening Run,2023-11-01T19:19:01Z,2.86,13.5,12.3,12.76,27.45,174.3,188.0,0,10418113620,4.72,51.461741253733635,-0.196233345195651,91.0,3.79,217.0,4.49,285.0,4.75,471.0,4.88,,,,,,,,,9.06,6.79,88.0
2023-10-21,Lunch Run,2023-10-21T10:03:08Z,5.35,30.6,2.2,10.47,23.3,155.9,177.0,0,10418109159,5.72,51.48223768919706,-0.2156570646911859,114.0,4.75,252.0,5.22,317.0,5.28,532.0,5.51,1105.0,5.72,1744.0,5.81,,,,,13.8,13.74,96.0
2023-09-14,Evening Run,2023-09-14T18:02:13Z,10.01,50.1,2.5,11.98,22.04,181.3,195.0,4,9850126597,5.0,51.48243458010256,-0.2155887521803379,105.0,4.38,215.0,4.45,270.0,4.5,443.0,4.59,903.0,4.68,1448.0,4.83,3007.0,5.01,0.0,,23.4,23.08,49.0
2023-07-29,Afternoon Run,2023-07-29T14:34:50Z,11.57,60.6,49.5,11.44,17.25,161.0,185.0,0,9845877119,5.24,51.42439258284867,-0.3418174479156732,108.0,4.5,224.0,4.64,285.0,4.75,469.0,4.86,1013.0,5.24,1633.0,5.44,3506.0,5.84,,,23.19,23.0,55.0
2023-07-23,Evening Run,2023-07-23T16:20:59Z,8.0,39.3,2.8,12.21,32.79,,,0,9507835370,4.91,51.45980159752071,-0.2027257159352302,104.0,4.33,218.0,4.51,272.0,4.53,459.0,4.75,940.0,4.87,1481.0,4.94,,,0.0,,23.21,23.15,60.0
2023-07-15,Morning Run,2023-07-15T09:15:06Z,12.59,65.3,10.9,11.57,22.46,167.1,185.0,0,9454689995,5.19,51.46589934825897,-0.213968614116311,107.0,4.46,225.0,4.66,299.0,4.98,485.0,5.02,986.0,5.11,1555.0,5.18,3569.0,5.95,,,19.0,19.04,80.0
2023-07-13,Morning Run,2023-07-13T07:18:31Z,6.8,37.1,9.9,10.98,23.88,155.1,172.0,0,9454030838,5.46,51.45948509685695,-0.2035995293408632,113.0,4.71,234.0,4.84,299.0,4.98,490.0,5.08,1023.0,5.3,1637.0,5.46,,,,,15.64,15.48,85.0
2023-07-12,Evening Run,2023-07-12T17:46:55Z,5.31,26.5,10.3,12.04,26.82,162.8,183.0,0,9438988247,4.99,51.49356683716178,-0.147292586043477,109.0,4.54,230.0,4.76,289.0,4.82,470.0,4.87,949.0,4.91,1565.0,5.22,,,,,20.67,20.39,61.0
2023-07-08,Morning Run,2023-07-08T09:17:39Z,13.4,72.2,7.1,11.14,27.98,160.6,188.0,0,9419752893,5.39,51.4784434530884,-0.1747602503746748,98.0,4.08,209.0,4.33,261.0,4.35,453.0,4.69,984.0,5.09,1568.0,5.23,3317.0,5.53,,,23.64,23.84,68.0
2023-07-05,Evening Run,2023-07-05T17:24:00Z,7.57,36.0,10.6,12.62,33.3,,,3,9394650814,4.76,51.49388736113906,-0.1465401425957679,90.0,3.75,189.0,3.91,237.0,3.95,397.0,4.11,854.0,4.42,1478.0,4.93,,,0.0,,20.18,19.59,51.0
2023-07-03,Evening Run,2023-07-03T18:07:52Z,6.02,26.9,2.8,13.43,34.48,,,0,9382195864,4.47,51.45968844182789,-0.2026833035051822,97.0,4.04,196.0,4.06,248.0,4.13,405.0,4.2,821.0,4.25,1296.0,4.32,,,0.0,,19.27,18.61,52.0
2023-06-24,Lunch Run,2023-06-24T10:43:21Z,8.41,50.1,13.8,10.06,20.1,148.4,167.0,0,9324931673,5.96,51.45962188951671,-0.2025305014103651,123.0,5.12,256.0,5.3,320.0,5.33,526.0,5.45,1096.0,5.67,1773.0,5.91,,,,,24.06,24.3,68.0
2023-06-19,Evening Run,2023-06-19T18:28:13Z,8.81,51.5,17.8,10.27,24.47,153.4,181.0,0,9296954669,5.85,51.45958920009434,-0.2032636664807796,112.0,4.67,241.0,4.99,313.0,5.22,541.0,5.6,1154.0,5.97,1979.0,6.6,,,,,23.71,23.57,55.0
2023-06-17,Morning Run,2023-06-17T09:44:52Z,12.03,65.4,6.8,11.04,24.62,154.4,194.0,3,9281505243,5.44,51.460034446790814,-0.1989929191768169,88.0,3.67,186.0,3.85,230.0,3.83,444.0,4.6,954.0,4.94,1584.0,5.28,3372.0,5.62,0.0,,20.32,19.97,60.0
2023-06-15,Morning Run,2023-06-15T06:51:11Z,6.13,38.4,10.9,9.59,27.65,149.3,171.0,0,9268765901,6.26,51.476647378876805,-0.2043548226356506,133.0,5.54,285.0,5.9,356.0,5.93,584.0,6.05,1202.0,6.22,1914.0,6.38,,,,,16.44,16.18,78.0
2023-06-14,Evening Run,2023-06-14T17:45:10Z,5.45,34.9,8.7,9.36,19.9,149.2,163.0,0,9265830636,6.4,51.49306903593242,-0.147467516362667,118.0,4.92,272.0,5.63,338.0,5.63,570.0,5.9,1260.0,6.52,2122.0,7.07,,,,,26.42,26.42,34.0
